rcp	corp	req	item	reason
20250829000681	신영증권	예	Ⅰ. 회사의 개요 4. 주식의 총수 등 라. 자기주식에 관한 사항	기재 미흡
20250828000839	노드메이슨	예	Ⅲ. 재무에 관한 사항1. 요약재무정보가. 연결재무정보	정정기재
20250828000839	노드메이슨	예	Ⅲ. 재무에 관한 사항1. 요약재무정보나. 별도재무정보	정정기재
20250828000839	노드메이슨	예	Ⅲ. 재무에 관한 사항6. 배당에 관한 사항	정정기재
20250828000839	노드메이슨	예	Ⅲ. 재무에 관한 사항8. 기타 재무에 관한 사항	정정기재
20250828000839	노드메이슨	예	Ⅳ. 이사의 경영진단 및 분석의견	정정기재
20250828000588	진코스텍	아니오	VII. 주주에 관한 사항 1. 최대주주 및 특수관계인의 주식소유 현황	1. 특수관계인 소유주식수 및 지분율 누락 2. 지분율 소숫점 수정
20250828000588	진코스텍	아니오	VII. 주주에 관한 사항 3. 주식 소유현황 소액주주현황	특수관계인 소유주식수 및 지분율 누락분 제외
20250828000588	진코스텍	아니오	VIII. 임원 및 직원 등에 관한 사항 1. 임원 현황	1. 특수관계인 소유주식수 및 지분율 누락 2. 임원 주요경력 누락
20250828000531	진코스텍	아니오	VII. 주주에 관한 사항 1. 최대주주 및 특수관계인의 주식소유 현황	1. 특수관계인 소유주식수 및 지분율 누락 2. 지분율 소숫점 수정
20250828000531	진코스텍	아니오	VII. 주주에 관한 사항 3. 주식 소유현황 소액주주현황	특수관계인 소유주식수 및 지분율 누락분 제외
20250828000531	진코스텍	아니오	VIII. 임원 및 직원 등에 관한 사항 1. 임원 현황	특수관계인 소유주식수 및 지분율 누락
20250828000531	진코스텍	아니오	VIII. 임원 및 직원 등에 관한 사항 3. 미등기임원 보수 현황	기재오류(단위 오류 기재)
20250825000453	현대바이오	부	II. 사업의 내용-6. 주요계약 및 연구개발활동 (5) 연구개발비용	기재오류
20250821000435	보아스에셋	부	VII. 주주에 관한 사항1. 최대주주 및 특수관계인의 주식소유 현황 3. 소액주주현황	기재오류
20250821000435	보아스에셋	부	III. 재무에 관한 사항5. 재무제표 주석	기재오류
20250820000170	파인디지털	예	I. 회사의 개요4. 주식의 총수 등 자기주식 보유목적·취득계획·처분계획·소각계획	2024년 사업보고서점검 결과에 따른 정정
20250814004488	에이디테크놀로지	여	XI. 그 밖에 투자자 보호를 위하여 필요한 사항1. 공시내용 진행 및 변경사항	미기재
20250814004464	세토피아	여	VI. 이사회 등 회사의 기관에 관한 사항 3. 주주총회 등 나. 소수주주권의 행사 여부	미흡기재 사항보완기재
20250814004464	세토피아	여	VI. 3. 주주총회 등 바. 주주총회의사록 요약	미흡기재 사항보완기재
20250814004422	아이큐어	여	VI. 이사회 등 회사의 기관에 관한 사항3. 주주총회 등에 관한 사항	금융감독원 '2024년 사업보고서상 비재무사항 기재관련 점검결과에 따른 기재 정정
20250814004421	대보마그네틱	아니오	III. 재무에 관한 사항8. 기타 재무 2. 대손충당금 설정 현황	부호 수정
20250814004420	비유테크놀러지	여	Ⅵ. 이사회 등 회사의 기관에 관한 사항3. 주주총회 등에 관한 사항	금융감동원 2024년 사업보고서상 비재무사항 기재 관련 점검결과 미기재 및 미흡기자 정정
20250814004400	콜마홀딩스	아니오	VI. 1. 이사회에 관한 사항 다. 이사회 내 위원회 활동 현황	기재 오류
20250814004400	콜마홀딩스	예	VI. 3. 주주총회 등 나. 소수주주권	기재 오류
20250814004400	콜마홀딩스	예	VI. 3. 주주총회 등 바. 주주총회의사록 요약	기재 오류
20250814004375	대웅제약	예	XI. 1. 공시내용 진행 및 변경 사항 다. 향후 추진 계획	2024년 사업보고서 점검 결과에 따른 정정
20250814004337	대웅	예	I. 4. 주식의 총수 등 마. 자기주식 보유현황	2024년 사업보고서 점검 결과에 따른 정정
20250814004330	한진칼	예	VI-3. 주주총회 등에 관한 사항 중 주주총회 의사록 요약	주요 논의내용 추가 기재
20250814004283	삼성바이오로직스	예	XI. 1. 공시내용 진행 및 변경사항	단일판매·공급계약 체결 공시관련 향후 추진계획 등 보완
20250814004267	제일바이오	여	Ⅵ. 3. 주주총회 등 나. 소수주주권 2) 주주제안권 행사내역	미흡기재
20250814004267	제일바이오	여	Ⅵ. 3. 주주총회 등 바. 주주총회의사록요약	미흡기재
20250814004251	파멥신	여	VI. 3. 주주총회 등 소수주주권	소수주주권 행사 미흡기재
20250814004251	파멥신	여	VI. 3. 주주총회 등 주주총회 의사록 요약	주주총회의사록 요약(주주제안 안건표시) 미기재
20250814004212	하나기술	여	1. 공시내용 진행 및 변경사항	향후 추진계획 추가 기재
20250814004193	KG케미칼	부	Ⅰ. 4. 주식의 총수 등 나. 자기주식 직접 취득ㆍ처분 이행현황	내용추가
20250814004193	KG케미칼	여	Ⅵ. 3. 주주총회에 관련 사항 나. 소수주주권	미흡기재
20250814004169	삼영이엔씨	예	VI. 소수주주권, 주주총회의사록요약(주요논의내용)	미흡기재
20250814004133	KG에코솔루션	예	I. 4. 주식의 총수 등	자기주식 보유현황·직접 취득ㆍ처분 이행현황·신탁계약 이행현황 추가기재
20250814004133	KG에코솔루션	예	VI. 3. 주주총회 등에 관한 사항 등	소수주주권 행사여부·주식사무·주주총회 의사록 요약 추가기재
20250814004133	KG에코솔루션	아니오	VI. 3. 주주총회 등에 관한 사항 등	서면투표제 도입여부 오기재
20250814004122	SDN	여	XI. 1. 공시내용 진행 및 변경사항	공시사항 변동내역 상세기재, 단일판매 공급계약체결 진행상황 상세기재
20250814004103	프로텍	예	I. 4. 주식의 총수 등 자기주식 보유현황	미작성부분 신규작성
20250814004103	프로텍	아니오	V. 회계감사인의 감사의견 등 감사용역 체결현황	오타정정(단위변경)
20250814004103	프로텍	아니오	XII. 상세표	오타정정
20250814004099	파두	예	XI. 1-가. 단일판매.공급계약체결 진행상황	향후 추진계획에 대한 미흡사항 보완
20250814004079	디에이테크놀로지	예	XI. 1. 나. 단일판매ㆍ공급계약체결 진행상황	금융감독원의 2024년 사업보고서 비재무사항 점검결과에 따른 정정
20250814004064	강원에너지	여	XI. 1. 1) 단일판매ㆍ공급계약 진행상황	금융감독원 점검항목 기재
20250814004060	미래에셋증권	예	Ⅰ. 4. 자기주식에 관한 사항 1) 자기주식 보유현황	기재 미흡
20250814004043	리튬포어스	예	VI. 3. 바. 주주총회 의사록 요약	소수주주권 행사 공시 항목 중 주주총회의사록요약 정정요구에 따른 내용 보완 기재
20250814004041	슈피겐코리아	예	VI. 3. 바. 주주총회의사록요약	미흡사항 추가기재
20250814004023	제이스코홀딩스	예	VI. 3. 다. 주주총회의사록 요약	금융감독원의 기재 미흡사항 정정요구
20250814004023	제이스코홀딩스	예	VI. 3. 라. 소수주주권	금융감독원의 미기재사항 정정요구
20250814004023	제이스코홀딩스	예	VI. 3. 마. 주식사무	금융감독원의 미기재사항 정정요구
20250814003888	스맥	예	I. 4. 4-5. 자기주식 보유현황	미기재
20250814003888	스맥	예	(첨부서류)자기주식 보고서	미첨부
20250814003868	범양건영	예	XI. 1. 공시내용 진행 및 변경사항	단일판매·공급계약체결 공시사항의 진행상황 미기재
20250814003782	원준	여	XI. 1. 공시내용 진행 및 변경사항	공시항목의 기재 누락
20250814003767	DB손해보험	예	I. 4. 라. 자기주식 보유현황	금융감독원「2024년 사업보고서 비재무사항(자기주식 관련) 기재 관련 점검결과 협조 안내」공문에 따른 보완 공시
20250814003670	삼성E&A	예	XI. 1. 공시내용 진행 및 변경사항	향후 추진계획의 미흡기재 또는 미기재
20250814003660	제이에스링크	예	Ⅵ. 3. 주주총회 등에 관한 사항	주주총회 등에 관한 사항 미개재 부분 추가 반영
20250814003654	DXVX	예	XI. 1. 공시내용 진행 및 변경사항	단일판매공급계약체결 공시 관련 진행사항에 대한 정정요구에 따른 보완기재
20250814003642	넥스틴	예	XI. 1. 1) 단일판매ㆍ공급계약체결 공시 진행상황	기재사항 추가
20250814003613	디에스케이	여	XI. 1. 공시내용 진행 및 변경사항	미흡 기재
20250814003602	가온칩스	예	XI. 공시내용 진행 및 변경사항	단일판매 공급계약 공시현황 추가기재
20250814003559	삼성제약	예	XI. 1. 가. 단일판매ㆍ공급계약체결	미기재 및 미흡기재
20250814003550	와이엠티	예	VI. 3. 4) 주주총회의사록요약	금융감독원 2024년 사업보고서 비재무사항 점검 결과 미흡사항 정정
20250814003527	엑세스바이오	예	VI. 3. 나. 소수주주권 및 경영권 경쟁	기재미흡사항 보완
20250814003527	엑세스바이오	예	VI. 3. 마. 주주총회의사록 요약	미기재사항 보완
20250814003498	전진바이오팜	예	VI. 3. 바. 주주총회 의사록 요약	미흡기재
20250814003498	전진바이오팜	아니오	VIII. 1. 육아지원제도·유연근무제도 사용 현황	미기재
20250814003452	한국비엔씨	예	XI. 1. 나. 단일판매ㆍ공급계약체결 공시 진행상황	향후 추진계획 미기재
20250814003429	뉴로메카	여	XI. 4. 사. 단일판매ㆍ공급계약체결 공시 진행상황	내용 보완
20250814003414	이수화학	아니오	Ⅷ. 1. 나. 직원 등 현황	기재사항 착오 정정
20250814003414	이수화학	아니오	Ⅷ. 1. 마. 미등기임원 보수 현황	기재사항 착오 정정
20250814003414	이수화학	아니오	Ⅷ. 2. 임원의 보수 등 (보수지급금액 2-1, 2-2)	기재사항 착오 정정
20250814003414	이수화학	아니오	Ⅷ. 2. 5억원 이상 이사ㆍ감사 개인별 보수 (1, 2)	기재사항 착오 정정
20250814003414	이수화학	아니오	Ⅷ. 2. 상위 5명 개인별 보수 (1, 2)	기재사항 착오 정정
20250814003343	코오롱글로벌	예	XI. 1. 나. 단일판매ㆍ공급계약 체결	미흡사항 추가기재
20250814003323	한세예스24홀딩스	예	VI. 3. 소수주주권	소수주주권 행사 미기재
20250814003323	한세예스24홀딩스	예	VI. 3. 주주총회 의사록 요약	주주총회의사록 요약(주주제안 안건표시) 미흡기재
20250814003308	한미글로벌	예	XI. 1. [단일판매ㆍ공급계약체결 공시 관련]	미흡사항 추가기재
20250814003272	에이치피오	아니오	V. 1. 나. 감사용역 체결현황	기재오류(감사용역 실제수행시간 정정)
20250814003272	에이치피오	예	VI. 3. 바. 주주총회 의사록 요약	미흡기재
20250814003185	에스티큐브	여	Ⅵ. 3. 나. 소수주주권의 행사여부	금융감독원 2024년 사업보고서 비재무사항 점검 결과 미흡사항 정정
20250814003144	미래에셋생명	아니오	Ⅰ. 4. 자기주식 보유현황	자기주식 보유현황 작성 양식 정정
20250814003141	동아지질	예	XI. 1. 공시내용 진행 및 변경사항	단일판매ㆍ공급계약체결공시에 대한 진행 현황 미기재
20250814003102	엑스페릭스	예	XI. 1. 공시내용 진행 및 변경사항	금융감독원의 기재 미흡사항 정정요구
20250814003102	엑스페릭스	아니오	XI. 2. 우발부채 등에 관한 사항	단순 오기 정정 (완료사건 제외)
20250814003101	SIMPAC	예	I. 4. 5. 자기주식 보유현황	미흡기재
20250814003087	로아앤코홀딩스	여	VI. 3. 주주총회 등에 관한 사항	미흡기재에 따른 내용 보완
20250814003051	앤로보틱스	여	XI. 1. 공시내용 진행 및 변경사항	기재미흡, 미기재
20250814003044	효성중공업	예	XI. 1. (1) 단일판매ㆍ공급계약체결 공시 진행사항	미흡사항추가기재
20250814003023	수산인더스트리	예	XI. 1. 나. 단일판매ㆍ공급계약체결 공시 진행상황	미흡기재
20250814003009	동원개발	여	XI. 1. 공시내용 진행 및 변경사항	공시내용 진행 및 변경사항 기재보완
20250814002961	레인보우로보틱스	여	XI. 1. 1) 단일판매ㆍ공급계약체결 공시 진행상황	미흡기재
20250814002959	금강철강	여	Ⅰ. 4. 라. 자기주식 보유현황	미흡기재
20250814002924	KC코트렐	예	XI. 1. 가. 단일판매ㆍ공급계약 진행상황	기재 누락
20250814002911	HB솔루션	예	XI. 1. 나. 단일판매·공급계약체결 공시의 진행상황	기재 누락
20250814002887	넥써쓰	예	XI. 1. 공시내용 진행 및 변경사항	공시항목의 기재 누락
20250814002870	미래아이앤지	예	VI. 3. 주주총회 등에 관한 사항	기재미흡
20250814002856	LS	예	I. 4. 주식의 총수 등 <자기주식 보유현황>	미흡사항보완기재
20250814002854	농심홀딩스	예	VI. 이사회 등 회사의 기관에 관한 사항	주주총회의사록 요약(주주제안자의 안건 설명내용) 미흡기재
20250814002772	화천기계	예	VI. 3. 나. 소수주주권 마. 주주총회의사록 요약	미흡기재
20250814002770	에이비온	예	XI. 1. 가. 단일판매·공급계약체결 공시의 진행상황-향후 추진계획	미기재 및 미흡기재
20250814002739	일성아이에스	예	I. 4. 주식의 총수 등	자기주식 보유현황 미흡기재, 자기주식 보고서 미흡기재
20250814002715	창해에탄올	예	I. 다. 자기주식 보유 목적·취득계획·처분계획·소각계획	미흡기재
20250814002714	엑스플러스	예	Ⅵ. 3. 주주총회 등에 관한 사항	금융감독원의 기재 미흡사항 정정요구
20250814002709	시디즈	여	Ⅰ 4. 주식의 총수 등	미흡기재
20250814002679	솔디펜스	여	XI. 1. 2. 단일판매·공급계약 (2) 대금 미수령 사유 (3) 향후 추진계획	미기재
20250814002660	현대차증권	예	Ⅵ 3. 주주총회 등에 관한 사항	기재 누락
20250814002587	다원시스	예	XI. 1. 공시내용 진행 및 변경사항	미기재사항 보완제출
20250814002553	쌍방울	여	XI. 그 밖에 투자자 보호를 위하여 필요한 사항	금융감독원의 기재 누락사항 정정요구
20250814002546	갤럭시아에스엠	아니오	VI. 3. 나. 소수 주주권	오기정정
20250814002546	갤럭시아에스엠	아니오	VI. 3. 바. 주주총회 의사록요약	오기정정
20250814002541	노루홀딩스	예	Ⅰ. 4. 2-4 자기주식 보유 현황 ~ 2-8	금융감독원 2024년 사업보고서 비재무사항(자기주식 관련) 기재 점검 미흡 기재
20250814002541	노루홀딩스	예	(첨부서류)자기주식 보고서	금융감독원 2024년 사업보고서 비재무사항(자기주식 관련) 기재 점검 미기재
20250814002508	제이엔케이글로벌	여	XI. 1. 공시내용 진행 및 변경사항	미기재사항 추가 기재
20250814002484	대한방직	예	I. 4. (5) 자기주식 보유현황	미흡사항 보완기재
20250814002445	희림	여	Ⅰ. 4. 다. 자기주식 보유현황	미기재
20250814002445	희림	여	(첨부)자기주식보고서	미첨부
20250814002445	희림	여	XI. 1. 나. 진행상황 다. 대금 미수령 사유 라. 향후 추진계획	단일판매ㆍ공급계약공시 진행상황 추가기재
20250814002394	MSDI	예	XI. 1. 공시내용 진행 및 변경사항	미흡사항 추가기재
20250814002387	신라젠	예	VI. 3. 소수주주권	금융감독원 2024년 사업보고서 비재무사항 점검 결과 미기재사항 정정
20250814002387	신라젠	예	VI. 3. 주주총회의사록요약	금융감독원 2024년 사업보고서 비재무사항 점검 결과 미흡사항 정정
20250814002379	두산	예	I. 4. 마. 자기주식 보유현황 등 > 1. 자기주식 보유현황	미흡기재
20250814002376	광명전기	예	XI. 1. 공시내용 진행 및 변경사항	미기재 및 미흡기재
20250814002350	삼성물산	예	XI. 1. 공시내용 진행 및 변경사항	단일판매·공급계약 체결 공시관련 향후 추진계획 등 보완
20250814002318	한신공영	여	XI. 1. 나. 단일판매공급계약체결 공시 진행사항	금융감독원의 미흡기재사항 정정요구
20250814002293	잇츠한불	예	I. 4. 사. 자기주식 보유목적 ~ 차. 소각계획	미흡기재
20250814002288	한국비티비	예	VI. 3. 나. 소수주주권	미흡기재
20250814002278	유화증권	예	I. 4. 2) 자기주식 보고서 승인 내용 3~5. 취득·처분·소각 계획	미흡사항 추가기재
20250814002278	유화증권	예	(첨부서류)자기주식 보고서	미첨부
20250814002253	국보디자인	예	I. 4. 자기주식 보유현황·보유목적·취득계획·처분계획·소각계획	내용 미기재
20250814002253	국보디자인	예	Ⅵ. 3. 소수주주권·주주총회의사록 요약·주식사무	미기재 및 미흡기재
20250814002215	오비고	예	XI. 1. 가. 대금 미수령 사유 및 추진계획	단일판매 공급계약 진행상황 관련 정정 요구에 따른 향후 변동 가능성에 대한 문구 추가
20250814002100	세원이앤씨	예	Ⅵ. 3. 소수주주권, 경영권경쟁	미기재 및 미흡기재
20250814002100	세원이앤씨	예	XI. 1. 계약 진행사항, 대금 미수령 사유, 향후 추진계획	미기재
20250814002092	씨에스윈드	아니오	VII. 1. 임원 및 직원 등의 현황	단순기재오류
20250814002092	씨에스윈드	예	XI. 1. 공시내용 진행 및 변경사항	미흡기재
20250814002070	에스티팜	여	XI. 1. 2) 진행중인 단일판매공급계약 진행 경과	단일판매ㆍ공급계약공시 진행상황 추가기재
20250814002060	에스텍	예	(첨부사항)자기주식보고서	미흡기재
20250814002055	세방	예	Ⅵ. 3. 소수주주권·경영권경쟁·주식사무·주주총회의사록 요약	미기재
20250814002051	삼부토건	여	XI. 1. 공시내용 진행 및 변경사항	단일판매공급계약 체결 진행현황 상세기재 누락
20250814002004	대한화섬	예	Ⅰ. 4. 4-2 자기주식 보유 목적 ~ 4-5	금융감독원 2024년 사업보고서 비재무사항 점검 결과 미흡사항 정정
20250814001988	DL이앤씨	예	XI. 1. 나. 단일판매ㆍ공급계약체결 공시 진행상황	기재 내용 보완
20250814001964	TS트릴리온	예	VI. 3. 라. 경영권경쟁 사. 주주총회 의사록 요약	금융감독원 점검항목 기재
20250814001951	이니텍	예	I. 4. 나. 자기주식 현황 (3) 보유현황·보유 목적·취득 계획	미흡기재
20250814001902	아이씨디	예	XI. 1. 공시내용 진행 및 변경사항	공시내용 진행 및 변경사항 미기재에 따른 정정
20250814001882	신세계건설	예	XI. 1. 가. 단일판매ㆍ공급계약체결 공시의 진행상황	미흡사항 추가기재
